[
  {
    "id": "7f4d2e87-cd46-4d95-bd87-3fbd63bceca0",
    "data": [
      {
        "text": "bana kitap önerin var mı",
        "userDefined": false
      }
    ],
    "isTemplate": false,
    "count": 0,
    "lang": "tr",
    "updated": 0
  },
  {
    "id": "f851c3d2-1652-4582-be16-e7459534ba2a",
    "data": [
      {
        "text": "kitap okumak istiyorum",
        "userDefined": false
      }
    ],
    "isTemplate": false,
    "count": 0,
    "lang": "tr",
    "updated": 0
  },
  {
    "id": "c1df21d2-c1a7-4198-ac90-c15b2d9b40b9",
    "data": [
      {
        "text": "Bana güzel bir kitap önerir misin?",
        "userDefined": false
      }
    ],
    "isTemplate": false,
    "count": 0,
    "lang": "tr",
    "updated": 0
  },
  {
    "id": "648e342c-c5b5-42a7-a26e-caecf89e2d7f",
    "data": [
      {
        "text": "bana kitap önerir misin?",
        "userDefined": false
      }
    ],
    "isTemplate": false,
    "count": 0,
    "lang": "tr",
    "updated": 0
  },
  {
    "id": "75220654-e354-4101-aeed-5aa49db7f599",
    "data": [
      {
        "text": "kitap öner botu musun?",
        "userDefined": false
      }
    ],
    "isTemplate": false,
    "count": 0,
    "lang": "tr",
    "updated": 0
  }
]