[
  {
    "id": "88edb8bd-ab4a-406f-9ec1-328bfada7a93",
    "data": [
      {
        "text": "selam",
        "userDefined": false
      }
    ],
    "isTemplate": false,
    "count": 0,
    "lang": "tr",
    "updated": 0
  },
  {
    "id": "d0ab0bfe-d2cd-4ab2-a94a-4fd6c64c8889",
    "data": [
      {
        "text": "ne güzel bir gün değil mi",
        "userDefined": false
      }
    ],
    "isTemplate": false,
    "count": 0,
    "lang": "tr",
    "updated": 0
  },
  {
    "id": "c903dde1-5897-4efa-b691-5578908cbfa6",
    "data": [
      {
        "text": "selam naber",
        "userDefined": false
      }
    ],
    "isTemplate": false,
    "count": 0,
    "lang": "tr",
    "updated": 0
  },
  {
    "id": "6f26b836-85f0-4a53-8b6c-594f14ffee10",
    "data": [
      {
        "text": "merhaba",
        "userDefined": false
      }
    ],
    "isTemplate": false,
    "count": 0,
    "lang": "tr",
    "updated": 0
  },
  {
    "id": "78dca81c-e43d-4a83-816a-940ceec62def",
    "data": [
      {
        "text": "selam dostum",
        "userDefined": false
      }
    ],
    "isTemplate": false,
    "count": 0,
    "lang": "tr",
    "updated": 0
  },
  {
    "id": "7b123651-1f73-46a4-bdd8-2c0774941bf6",
    "data": [
      {
        "text": "tünaydın",
        "userDefined": false
      }
    ],
    "isTemplate": false,
    "count": 0,
    "lang": "tr",
    "updated": 0
  },
  {
    "id": "56a620a1-d6e1-4196-9c51-eb6176a6520b",
    "data": [
      {
        "text": "seni selamlıyorum",
        "userDefined": false
      }
    ],
    "isTemplate": false,
    "count": 0,
    "lang": "tr",
    "updated": 0
  },
  {
    "id": "08586ed0-666d-46ae-adc0-d6436969099f",
    "data": [
      {
        "text": "yüzünü gören cennetlik",
        "userDefined": false
      }
    ],
    "isTemplate": false,
    "count": 0,
    "lang": "tr",
    "updated": 0
  },
  {
    "id": "ad7dec90-77b6-4692-9d30-57de70d14efe",
    "data": [
      {
        "text": "merhaba naber",
        "userDefined": false
      }
    ],
    "isTemplate": false,
    "count": 0,
    "lang": "tr",
    "updated": 0
  },
  {
    "id": "41213c9f-0121-4e30-b3a7-cc220be26285",
    "data": [
      {
        "text": "hey",
        "userDefined": false
      }
    ],
    "isTemplate": false,
    "count": 0,
    "lang": "tr",
    "updated": 0
  },
  {
    "id": "523a47ca-fbd0-4018-a4ff-5a5c485541c9",
    "data": [
      {
        "text": "iyi günler",
        "userDefined": false
      }
    ],
    "isTemplate": false,
    "count": 0,
    "lang": "tr",
    "updated": 0
  },
  {
    "id": "37c05448-f353-467c-92a3-d244bf7e22d3",
    "data": [
      {
        "text": "selamlar",
        "userDefined": false
      }
    ],
    "isTemplate": false,
    "count": 0,
    "lang": "tr",
    "updated": 0
  },
  {
    "id": "dc20910e-9d97-48f9-91bc-9dcd1ead9360",
    "data": [
      {
        "text": "selam sana",
        "userDefined": false
      }
    ],
    "isTemplate": false,
    "count": 0,
    "lang": "tr",
    "updated": 0
  },
  {
    "id": "bf69224f-15f4-46c4-b934-2272fbd7b777",
    "data": [
      {
        "text": "tekrar merhaba",
        "userDefined": false
      }
    ],
    "isTemplate": false,
    "count": 0,
    "lang": "tr",
    "updated": 0
  },
  {
    "id": "a619a947-5f87-4fb9-a575-414b888672df",
    "data": [
      {
        "text": "selam merhaba",
        "userDefined": false
      }
    ],
    "isTemplate": false,
    "count": 0,
    "lang": "tr",
    "updated": 0
  },
  {
    "id": "5b632658-85fa-4670-8eaa-5ef8e3b2b14d",
    "data": [
      {
        "text": "naber",
        "userDefined": false
      }
    ],
    "isTemplate": false,
    "count": 0,
    "lang": "tr",
    "updated": 0
  },
  {
    "id": "42ec3d60-7982-4437-9c38-044078539526",
    "data": [
      {
        "text": "merhaba demek istedim",
        "userDefined": false
      }
    ],
    "isTemplate": false,
    "count": 0,
    "lang": "tr",
    "updated": 0
  },
  {
    "id": "2984c139-2f8b-4d5c-8b4b-1ebca8d8e794",
    "data": [
      {
        "text": "merhabalar",
        "userDefined": false
      }
    ],
    "isTemplate": false,
    "count": 0,
    "lang": "tr",
    "updated": 0
  }
]