[
  {
    "id": "67e85781-bb0c-411a-a56b-99465ea2fa9f",
    "data": [
      {
        "text": "üzgünüm bana buna göre kitap önerir misin",
        "userDefined": false
      }
    ],
    "isTemplate": false,
    "count": 0,
    "lang": "tr",
    "updated": 0
  },
  {
    "id": "b2ac31b9-8966-4f34-b49f-086636af0047",
    "data": [
      {
        "text": "Enerjim yerinde bana buna göre kitap önerir misin",
        "userDefined": false
      }
    ],
    "isTemplate": false,
    "count": 0,
    "lang": "tr",
    "updated": 0
  },
  {
    "id": "1ea7e068-0438-43d5-86e7-67f8fbe44e30",
    "data": [
      {
        "text": "Canım sıkkın bana buna göre kitap önerir misin",
        "userDefined": false
      }
    ],
    "isTemplate": false,
    "count": 0,
    "lang": "tr",
    "updated": 0
  },
  {
    "id": "a8a03913-9736-4a36-b9b0-3a1037b13d99",
    "data": [
      {
        "text": "Çok mutluyum buna göre kitap önerir misin",
        "userDefined": false
      }
    ],
    "isTemplate": false,
    "count": 0,
    "lang": "tr",
    "updated": 0
  },
  {
    "id": "e9fe803c-eafb-43ef-8255-8d43aae44709",
    "data": [
      {
        "text": "Stresliyim",
        "userDefined": false
      }
    ],
    "isTemplate": false,
    "count": 0,
    "lang": "tr",
    "updated": 0
  },
  {
    "id": "e3214e43-fdf1-4477-a017-65c7dfb29da8",
    "data": [
      {
        "text": "Bugün kendimi yalnız hissediyorum",
        "userDefined": false
      }
    ],
    "isTemplate": false,
    "count": 0,
    "lang": "tr",
    "updated": 0
  }
]