[
  {
    "id": "d9c65720-4133-4517-a204-29c75144b02c",
    "data": [
      {
        "text": "yaşamı sorgulatan kitap önerir misin?",
        "userDefined": false
      }
    ],
    "isTemplate": false,
    "count": 0,
    "lang": "tr",
    "updated": 0
  },
  {
    "id": "457a2c21-a335-4e6b-9d3c-fa80f8a985ff",
    "data": [
      {
        "text": "varoluşla ilgili kitap öner",
        "userDefined": false
      }
    ],
    "isTemplate": false,
    "count": 0,
    "lang": "tr",
    "updated": 0
  },
  {
    "id": "715c6fff-fe8e-4be3-8faf-884fe51be5d4",
    "data": [
      {
        "text": "Felsefe türünde roman öner",
        "userDefined": false
      }
    ],
    "isTemplate": false,
    "count": 0,
    "lang": "tr",
    "updated": 0
  },
  {
    "id": "f6310523-bf0e-4888-b5f5-3aa7bfc5fbe9",
    "data": [
      {
        "text": "Felsefik kitap okumak istiyorum",
        "userDefined": false
      }
    ],
    "isTemplate": false,
    "count": 0,
    "lang": "tr",
    "updated": 0
  },
  {
    "id": "5fe715d0-2b1b-4f6d-bdf1-7fb31d6c4321",
    "data": [
      {
        "text": "Felsefe türünde kitap önerir misin",
        "userDefined": false
      }
    ],
    "isTemplate": false,
    "count": 0,
    "lang": "tr",
    "updated": 0
  }
]