[
  {
    "id": "d28e3a22-f350-45a1-a9a3-0a88935e03ae",
    "data": [
      {
        "text": "Resimli kitap önerir misin",
        "userDefined": false
      }
    ],
    "isTemplate": false,
    "count": 0,
    "lang": "tr",
    "updated": 0
  },
  {
    "id": "694043a8-5866-40af-9c6c-6b32eb5e34dd",
    "data": [
      {
        "text": "Hikaye kitabı önerir misin",
        "userDefined": false
      }
    ],
    "isTemplate": false,
    "count": 0,
    "lang": "tr",
    "updated": 0
  },
  {
    "id": "0045c501-7a29-4ace-b130-3475810c816f",
    "data": [
      {
        "text": "Çocuk için kitap öner",
        "userDefined": false
      }
    ],
    "isTemplate": false,
    "count": 0,
    "lang": "tr",
    "updated": 0
  },
  {
    "id": "e443a984-5538-41ee-a960-8516204b6036",
    "data": [
      {
        "text": "Çocuk kitapları önerir misin",
        "userDefined": false
      }
    ],
    "isTemplate": false,
    "count": 0,
    "lang": "tr",
    "updated": 0
  }
]