[
  {
    "id": "41c84fea-6e84-417a-b157-94e4cfa323c0",
    "data": [
      {
        "text": "gerilimli bir şeyler önerir misin",
        "userDefined": false
      }
    ],
    "isTemplate": false,
    "count": 0,
    "lang": "tr",
    "updated": 0
  },
  {
    "id": "e712507a-cfc9-410a-aad4-78c80b96e025",
    "data": [
      {
        "text": "Gizemli bir şeyler okumak istiyorum",
        "userDefined": false
      }
    ],
    "isTemplate": false,
    "count": 0,
    "lang": "tr",
    "updated": 0
  },
  {
    "id": "77189756-eb48-4af7-b69e-dbfeec220415",
    "data": [
      {
        "text": "Korku türünde kitap okumak istiyorum",
        "userDefined": false
      }
    ],
    "isTemplate": false,
    "count": 0,
    "lang": "tr",
    "updated": 0
  },
  {
    "id": "c927b4f8-dd77-41a9-9bbe-fe54eb67e926",
    "data": [
      {
        "text": "Korku türünde kitap önerir misin?",
        "userDefined": false
      }
    ],
    "isTemplate": false,
    "count": 0,
    "lang": "tr",
    "updated": 0
  }
]