[
  {
    "id": "5d20e9c7-5fb9-4a7e-bfd4-bf28be1d7376",
    "data": [
      {
        "text": "için de büyü, sihirin olduğu kitap önerir misin",
        "userDefined": false
      }
    ],
    "isTemplate": false,
    "count": 0,
    "lang": "tr",
    "updated": 0
  },
  {
    "id": "a74dd789-5526-40c0-80ee-eba8ca78e0b4",
    "data": [
      {
        "text": "için de ejderha olan kitap okumak istiyorum",
        "userDefined": false
      }
    ],
    "isTemplate": false,
    "count": 0,
    "lang": "tr",
    "updated": 0
  },
  {
    "id": "66687ca6-4872-4e18-8dae-ce7cfea8c895",
    "data": [
      {
        "text": "Fantastik türde kitap okumak istiyorum.",
        "userDefined": false
      }
    ],
    "isTemplate": false,
    "count": 0,
    "lang": "tr",
    "updated": 0
  },
  {
    "id": "8b15fc99-af6c-442a-b7ee-d903de6f7861",
    "data": [
      {
        "text": "Bana fantastik türde kitap önerir misin?",
        "userDefined": false
      }
    ],
    "isTemplate": false,
    "count": 0,
    "lang": "tr",
    "updated": 0
  },
  {
    "id": "983bf509-040c-4b51-8231-533e42ee7fab",
    "data": [
      {
        "text": "Fantastik türü kitap öner",
        "userDefined": false
      }
    ],
    "isTemplate": false,
    "count": 0,
    "lang": "tr",
    "updated": 0
  }
]