[
  {
    "id": "b425b77f-c84f-4205-a953-655529003db5",
    "data": [
      {
        "text": "Kişisel gelişimimi geliştirecek kitap önerir misin?",
        "userDefined": false
      }
    ],
    "isTemplate": false,
    "count": 0,
    "lang": "tr",
    "updated": 0
  },
  {
    "id": "066580fa-2eb3-4e48-a2b7-6f1dc5fc8a6b",
    "data": [
      {
        "text": "Başarı anlatan kitap önerir misin?",
        "userDefined": false
      }
    ],
    "isTemplate": false,
    "count": 0,
    "lang": "tr",
    "updated": 0
  },
  {
    "id": "b4df31b1-9c61-4c65-bf3f-63f5c26e65b2",
    "data": [
      {
        "text": "Motivasyonumu arttıracak kitap önerir misin?",
        "userDefined": false
      }
    ],
    "isTemplate": false,
    "count": 0,
    "lang": "tr",
    "updated": 0
  },
  {
    "id": "3608d21b-4c0d-4292-824b-6e046d276ad2",
    "data": [
      {
        "text": "Kişisel gelişim türünde kitap önerir misin?",
        "userDefined": false
      }
    ],
    "isTemplate": false,
    "count": 0,
    "lang": "tr",
    "updated": 0
  }
]