[
  {
    "id": "7cd95c2e-5a99-484c-bb83-4301190fdb68",
    "data": [
      {
        "text": "duygusal bir şeyler okumak istiyorum",
        "userDefined": false
      }
    ],
    "isTemplate": false,
    "count": 0,
    "lang": "tr",
    "updated": 0
  },
  {
    "id": "dc0e65db-1fa2-4415-b5ff-af112c5e1430",
    "data": [
      {
        "text": "konusu aşk olan kitap okumak istiyorum",
        "userDefined": false
      }
    ],
    "isTemplate": false,
    "count": 0,
    "lang": "tr",
    "updated": 0
  },
  {
    "id": "deece88f-be95-4430-9c4a-b382cb2910fd",
    "data": [
      {
        "text": "Romantik türde kitap önerir misin?",
        "userDefined": false
      }
    ],
    "isTemplate": false,
    "count": 0,
    "lang": "tr",
    "updated": 0
  },
  {
    "id": "898cfef8-ff38-4249-9fb9-ec132613e9e1",
    "data": [
      {
        "text": "Romantik kitap öner.",
        "userDefined": false
      }
    ],
    "isTemplate": false,
    "count": 0,
    "lang": "tr",
    "updated": 0
  },
  {
    "id": "80f30600-ec1a-486d-94b3-10c34023ee53",
    "data": [
      {
        "text": "Romantik kitap tavsiye eder misin?",
        "userDefined": false
      }
    ],
    "isTemplate": false,
    "count": 0,
    "lang": "tr",
    "updated": 0
  },
  {
    "id": "936fded9-12ba-4bfe-9f61-1c48a2aa89d3",
    "data": [
      {
        "text": "Romantik bir kitap arıyorum.",
        "userDefined": false
      }
    ],
    "isTemplate": false,
    "count": 0,
    "lang": "tr",
    "updated": 0
  }
]