[
  {
    "id": "7781f594-298a-417a-96a9-51cc8485f209",
    "data": [
      {
        "text": "Psikoloji türünde kitap öner",
        "userDefined": false
      }
    ],
    "isTemplate": false,
    "count": 0,
    "lang": "tr",
    "updated": 0
  },
  {
    "id": "da5893ee-2f40-4bfe-a6d0-984effecd568",
    "data": [
      {
        "text": "İnsan davranışları ile ilgili kitap önerir misin",
        "userDefined": false
      }
    ],
    "isTemplate": false,
    "count": 0,
    "lang": "tr",
    "updated": 0
  },
  {
    "id": "7787bacb-e321-4286-8cec-d4531ceb232a",
    "data": [
      {
        "text": "Psikolojik türde roman önerir misin",
        "userDefined": false
      }
    ],
    "isTemplate": false,
    "count": 0,
    "lang": "tr",
    "updated": 0
  }
]