[
  {
    "id": "04d6adaa-8c64-4c34-8448-40f7492af95a",
    "data": [
      {
        "text": "Heyecanlı kitap önerir misin?",
        "userDefined": false
      }
    ],
    "isTemplate": false,
    "count": 0,
    "lang": "tr",
    "updated": 0
  },
  {
    "id": "35217653-398c-44c0-bf30-90c5fe0f53e4",
    "data": [
      {
        "text": "Aksiyonlu kitap öner",
        "userDefined": false
      }
    ],
    "isTemplate": false,
    "count": 0,
    "lang": "tr",
    "updated": 0
  },
  {
    "id": "2e7d38d3-0a74-4897-a7ac-d16dd51ea61e",
    "data": [
      {
        "text": "Macera kitabı öner.",
        "userDefined": false
      }
    ],
    "isTemplate": false,
    "count": 0,
    "lang": "tr",
    "updated": 0
  },
  {
    "id": "ad1b929a-0bc7-4244-bae4-694ae0bdbd78",
    "data": [
      {
        "text": "Macera türünde kitap var mı?",
        "userDefined": false
      }
    ],
    "isTemplate": false,
    "count": 0,
    "lang": "tr",
    "updated": 0
  },
  {
    "id": "340cfe5e-4cbf-436b-8eee-a436423e677e",
    "data": [
      {
        "text": "Bana macera türü kitap söyle.",
        "userDefined": false
      }
    ],
    "isTemplate": false,
    "count": 0,
    "lang": "tr",
    "updated": 0
  },
  {
    "id": "5f280d76-1242-4877-a030-8764ad8204c6",
    "data": [
      {
        "text": "Macera kitapları önerir misin?",
        "userDefined": false
      }
    ],
    "isTemplate": false,
    "count": 0,
    "lang": "tr",
    "updated": 0
  }
]