[
  {
    "id": "46162708-6b8b-4485-92af-1435bc8f593b",
    "data": [
      {
        "text": "suç, gizem barındıran kitap önerir misin",
        "userDefined": false
      }
    ],
    "isTemplate": false,
    "count": 0,
    "lang": "tr",
    "updated": 0
  },
  {
    "id": "c0dad06a-9a0b-4763-adf1-39ef52b99940",
    "data": [
      {
        "text": "Polisiye romanı öner",
        "userDefined": false
      }
    ],
    "isTemplate": false,
    "count": 0,
    "lang": "tr",
    "updated": 0
  },
  {
    "id": "f5d78596-e1da-415d-b7cf-04dc279e6724",
    "data": [
      {
        "text": "İçinde dedektif olan kitap okumak istiyorum",
        "userDefined": false
      }
    ],
    "isTemplate": false,
    "count": 0,
    "lang": "tr",
    "updated": 0
  },
  {
    "id": "93c17ab8-69d4-4915-870b-044227bc27b9",
    "data": [
      {
        "text": "Polisiye türünde kitap okumak istiyorum",
        "userDefined": false
      }
    ],
    "isTemplate": false,
    "count": 0,
    "lang": "tr",
    "updated": 0
  },
  {
    "id": "349d292b-5001-4485-8369-e1111600d987",
    "data": [
      {
        "text": "Bana polisiye türünde kitap önerir misin?",
        "userDefined": false
      }
    ],
    "isTemplate": false,
    "count": 0,
    "lang": "tr",
    "updated": 0
  }
]