[
  {
    "id": "7db90fc7-92b6-42b7-bcca-ab0dbab8609d",
    "data": [
      {
        "text": "geleceği anlatan farklı bir şeyler okumak istiyorum",
        "userDefined": false
      }
    ],
    "isTemplate": false,
    "count": 0,
    "lang": "tr",
    "updated": 0
  },
  {
    "id": "eda90cf1-0b86-4cee-ad76-76dc69c7df9b",
    "data": [
      {
        "text": "Uzayla ilgili bir şeyler okumak istiyorum",
        "userDefined": false
      }
    ],
    "isTemplate": false,
    "count": 0,
    "lang": "tr",
    "updated": 0
  },
  {
    "id": "142b7195-37f8-45f6-98c3-59e11a3187dd",
    "data": [
      {
        "text": "Bilim kurgu kitabı önerir misin?",
        "userDefined": false
      }
    ],
    "isTemplate": false,
    "count": 0,
    "lang": "tr",
    "updated": 0
  },
  {
    "id": "cb9ed9ba-322e-46e3-82ff-3e7e66a42f52",
    "data": [
      {
        "text": "Bilim kurgu türünde ne okuyabilirim?",
        "userDefined": false
      }
    ],
    "isTemplate": false,
    "count": 0,
    "lang": "tr",
    "updated": 0
  },
  {
    "id": "2e243712-7d2f-4246-8c23-489088a14c73",
    "data": [
      {
        "text": "Bilim kurgu kitapları var mı?",
        "userDefined": false
      }
    ],
    "isTemplate": false,
    "count": 0,
    "lang": "tr",
    "updated": 0
  }
]