[
  {
    "id": "7c4809d9-80fb-4a05-91f6-96c46710286e",
    "data": [
      {
        "text": "gerçek hayat hikayesini anlatan kitap okumak istiyorum",
        "userDefined": false
      }
    ],
    "isTemplate": false,
    "count": 0,
    "lang": "tr",
    "updated": 0
  },
  {
    "id": "caf9245e-382c-407d-b1c1-5dc6e274a89c",
    "data": [
      {
        "text": "Biyografik kitap öner",
        "userDefined": false
      }
    ],
    "isTemplate": false,
    "count": 0,
    "lang": "tr",
    "updated": 0
  },
  {
    "id": "d54e1d14-c753-4aa1-b91d-0e43914e26ae",
    "data": [
      {
        "text": "İnsan yaşamını anlatan türde kitap okumak istiyorum",
        "userDefined": false
      }
    ],
    "isTemplate": false,
    "count": 0,
    "lang": "tr",
    "updated": 0
  },
  {
    "id": "2f56a69c-4ecd-4c86-bcc5-361627bc93ed",
    "data": [
      {
        "text": "Biyografi türünde kitap önerir misin",
        "userDefined": false
      }
    ],
    "isTemplate": false,
    "count": 0,
    "lang": "tr",
    "updated": 0
  }
]