[
  {
    "id": "c0f61a22-96e3-43f4-b97c-2c94b48baaf6",
    "data": [
      {
        "text": "1984",
        "meta": "@sys.any",
        "alias": "kitap",
        "userDefined": true
      },
      {
        "text": " hangi yıl yayımlandı?",
        "userDefined": false
      }
    ],
    "isTemplate": false,
    "count": 0,
    "lang": "tr",
    "updated": 0
  },
  {
    "id": "522a0215-5243-47f4-a7ca-ee93c12a8b2a",
    "data": [
      {
        "text": "Bu kitabın yazarı kim?",
        "userDefined": false
      }
    ],
    "isTemplate": false,
    "count": 0,
    "lang": "tr",
    "updated": 0
  },
  {
    "id": "ec851775-5ae3-49cd-bcaf-60a45012bd6c",
    "data": [
      {
        "text": "Bana ",
        "userDefined": false
      },
      {
        "text": "Yüzüklerin Efendisi",
        "meta": "@sys.any",
        "alias": "kitap",
        "userDefined": true
      },
      {
        "text": " kitabını anlat.",
        "userDefined": false
      }
    ],
    "isTemplate": false,
    "count": 0,
    "lang": "tr",
    "updated": 0
  },
  {
    "id": "e43ce2d2-fca7-47a4-b8bc-d963510146b6",
    "data": [
      {
        "text": "1984 kitabı hakkında bilgi verir misin?",
        "userDefined": false
      }
    ],
    "isTemplate": false,
    "count": 0,
    "lang": "tr",
    "updated": 0
  },
  {
    "id": "b95f8151-9749-4dda-acb4-b332f680196f",
    "data": [
      {
        "text": "jane eyre",
        "meta": "@sys.any",
        "alias": "kitap",
        "userDefined": true
      },
      {
        "text": " kitabı hakkında bilgi verir misin?",
        "userDefined": false
      }
    ],
    "isTemplate": false,
    "count": 0,
    "lang": "tr",
    "updated": 0
  },
  {
    "id": "fd5b0ab9-df40-4663-8ee7-e78e950f3d1c",
    "data": [
      {
        "text": "suç ve ceza",
        "meta": "@sys.any",
        "alias": "kitap",
        "userDefined": true
      },
      {
        "text": " kitabının konusu nedir?",
        "userDefined": false
      }
    ],
    "isTemplate": false,
    "count": 0,
    "lang": "tr",
    "updated": 0
  },
  {
    "id": "07f17a85-8146-4d2f-8a0f-4b56c855db9e",
    "data": [
      {
        "text": "alice harikalar diyarında",
        "meta": "@sys.any",
        "alias": "kitap",
        "userDefined": true
      },
      {
        "text": " kitabı kaç sayfa?",
        "userDefined": false
      }
    ],
    "isTemplate": false,
    "count": 0,
    "lang": "tr",
    "updated": 0
  }
]