[
  {
    "id": "ed35b6a1-90c6-457c-8a55-0b85d2a67fb7",
    "data": [
      {
        "text": "İç burkan kitap önerir misin?",
        "userDefined": false
      }
    ],
    "isTemplate": false,
    "count": 0,
    "lang": "tr",
    "updated": 0
  },
  {
    "id": "576a7987-7744-479e-b4ee-0642538da0b5",
    "data": [
      {
        "text": "ağlanacak kitap önerir misin?",
        "userDefined": false
      }
    ],
    "isTemplate": false,
    "count": 0,
    "lang": "tr",
    "updated": 0
  },
  {
    "id": "6341c236-bf9a-4460-9dbf-0e690f7bdb1a",
    "data": [
      {
        "text": "Dram türünde kitap önerir misin",
        "userDefined": false
      }
    ],
    "isTemplate": false,
    "count": 0,
    "lang": "tr",
    "updated": 0
  },
  {
    "id": "380b1bfe-7289-4d35-b0b1-7937d885ae98",
    "data": [
      {
        "text": "Ağlamak istiyorum buna uygun kitap tavsiyesi verir misin",
        "userDefined": false
      }
    ],
    "isTemplate": false,
    "count": 0,
    "lang": "tr",
    "updated": 0
  },
  {
    "id": "8e3239f8-1dbc-423c-9c19-fda59c41cbf5",
    "data": [
      {
        "text": "Acıklı bir şeyler okumak istiyorum",
        "userDefined": false
      }
    ],
    "isTemplate": false,
    "count": 0,
    "lang": "tr",
    "updated": 0
  }
]