[
  {
    "id": "fc67c4d3-1abc-432f-b9f1-aa3a425a0fa3",
    "data": [
      {
        "text": "geçmişle alakalı bir şeyler okumak istiyorum",
        "userDefined": false
      }
    ],
    "isTemplate": false,
    "count": 0,
    "lang": "tr",
    "updated": 0
  },
  {
    "id": "a759c28c-8098-41bd-b2cd-9527c3e475bc",
    "data": [
      {
        "text": "Tarihi roman türünde bir şeyler okumak istiyorum",
        "userDefined": false
      }
    ],
    "isTemplate": false,
    "count": 0,
    "lang": "tr",
    "updated": 0
  },
  {
    "id": "1ba04709-0e50-4b74-a48b-2e472486d664",
    "data": [
      {
        "text": "Bana tarihi romanlar önerir misin",
        "userDefined": false
      }
    ],
    "isTemplate": false,
    "count": 0,
    "lang": "tr",
    "updated": 0
  },
  {
    "id": "6e9d6223-2cc9-422d-b6c2-ab10632aebba",
    "data": [
      {
        "text": "Tarihi bir şeyler okumak istiyorum",
        "userDefined": false
      }
    ],
    "isTemplate": false,
    "count": 0,
    "lang": "tr",
    "updated": 0
  }
]