[
  {
    "id": "f69187a0-eefd-4f17-b048-e92f500109bb",
    "data": [
      {
        "text": "eski edebi eserlerden bir kitap önerir misin",
        "userDefined": false
      }
    ],
    "isTemplate": false,
    "count": 0,
    "lang": "tr",
    "updated": 0
  },
  {
    "id": "da8ee3b1-ef53-45b3-9859-78dce81e53f6",
    "data": [
      {
        "text": "bana bir baş yapıt önerir misin",
        "userDefined": false
      }
    ],
    "isTemplate": false,
    "count": 0,
    "lang": "tr",
    "updated": 0
  },
  {
    "id": "cd83b8a9-0b85-4ba9-b368-24b1d627720c",
    "data": [
      {
        "text": "Klasik türde bir şeyler önerir misin",
        "userDefined": false
      }
    ],
    "isTemplate": false,
    "count": 0,
    "lang": "tr",
    "updated": 0
  },
  {
    "id": "fd87e004-6ff2-4e18-999d-d8d3ea6467f5",
    "data": [
      {
        "text": "Klasik roman okumak istiyorum",
        "userDefined": false
      }
    ],
    "isTemplate": false,
    "count": 0,
    "lang": "tr",
    "updated": 0
  },
  {
    "id": "c5b624ba-e849-472a-b4a6-81b4610704f3",
    "data": [
      {
        "text": "Dünya klasiklerinden roman önerir misin",
        "userDefined": false
      }
    ],
    "isTemplate": false,
    "count": 0,
    "lang": "tr",
    "updated": 0
  }
]