[
  {
    "id": "5b43972a-306c-4bb7-a2cf-e4db937cbcd4",
    "data": [
      {
        "text": "Hangi kitaplar ",
        "userDefined": false
      },
      {
        "text": "Ahmet Ümit",
        "meta": "@yazar",
        "alias": "yazar",
        "userDefined": false
      },
      {
        "text": " tarafından yazılmış?",
        "userDefined": false
      }
    ],
    "isTemplate": false,
    "count": 0,
    "lang": "tr",
    "updated": 0
  },
  {
    "id": "cf4992e9-9bc9-4d0f-b906-00f0655af8b4",
    "data": [
      {
        "text": "Bana ",
        "userDefined": false
      },
      {
        "text": "Buket Uzuner",
        "meta": "@yazar",
        "alias": "yazar",
        "userDefined": true
      },
      {
        "text": " kitapları öner.",
        "userDefined": false
      }
    ],
    "isTemplate": false,
    "count": 0,
    "lang": "tr",
    "updated": 0
  },
  {
    "id": "db38b394-b5c9-4b54-9380-4315a7e26aae",
    "data": [
      {
        "text": "Ahmet Ümit",
        "meta": "@yazar",
        "alias": "yazar",
        "userDefined": false
      },
      {
        "text": "\u0027in yazdığı kitapları sıralar mısın?",
        "userDefined": false
      }
    ],
    "isTemplate": false,
    "count": 0,
    "lang": "tr",
    "updated": 0
  },
  {
    "id": "1c1a3f08-d4a3-4518-be86-6c5a3073e67c",
    "data": [
      {
        "text": "J.K. Rowling",
        "meta": "@yazar",
        "alias": "yazar",
        "userDefined": false
      },
      {
        "text": " tarafından yazılan kitaplar hangileri?",
        "userDefined": false
      }
    ],
    "isTemplate": false,
    "count": 0,
    "lang": "tr",
    "updated": 0
  },
  {
    "id": "924f2a72-82b0-460a-8a53-f8dca31de321",
    "data": [
      {
        "text": "Orhan Pamuk",
        "meta": "@yazar",
        "alias": "yazar",
        "userDefined": false
      },
      {
        "text": "\u0027un kitaplarını gösterir misin?",
        "userDefined": false
      }
    ],
    "isTemplate": false,
    "count": 0,
    "lang": "tr",
    "updated": 0
  },
  {
    "id": "976e32f8-32c9-43b7-9b65-73dbadd0dd31",
    "data": [
      {
        "text": "Dostoyevski",
        "meta": "@yazar",
        "alias": "yazar",
        "userDefined": false
      },
      {
        "text": "\u0027nin kitaplarını söyler misin?",
        "userDefined": false
      }
    ],
    "isTemplate": false,
    "count": 0,
    "lang": "tr",
    "updated": 0
  },
  {
    "id": "02bb9609-0480-4a72-a079-94ab1bc26428",
    "data": [
      {
        "text": "Orhan Pamuk",
        "meta": "@yazar",
        "alias": "yazar",
        "userDefined": true
      },
      {
        "text": " kitaplarını listeler misin?",
        "userDefined": false
      }
    ],
    "isTemplate": false,
    "count": 0,
    "lang": "tr",
    "updated": 0
  },
  {
    "id": "2268dd7a-8607-4edb-b852-091f4f979fde",
    "data": [
      {
        "text": "Elif Şafak",
        "meta": "@yazar",
        "alias": "yazar",
        "userDefined": true
      },
      {
        "text": "\u0027ın kitaplarını listeler misin?",
        "userDefined": false
      }
    ],
    "isTemplate": false,
    "count": 0,
    "lang": "tr",
    "updated": 0
  }
]