[
  {
    "id": "875368e2-2567-469a-8351-468d38942d96",
    "data": [
      {
        "text": "görüşürüz",
        "userDefined": false
      }
    ],
    "isTemplate": false,
    "count": 0,
    "lang": "tr",
    "updated": 0
  },
  {
    "id": "28aad819-b9cf-4863-a29f-56821714a755",
    "data": [
      {
        "text": "güle güle",
        "userDefined": false
      }
    ],
    "isTemplate": false,
    "count": 0,
    "lang": "tr",
    "updated": 0
  },
  {
    "id": "f89bfefe-1ece-44d3-846f-8db05132d573",
    "data": [
      {
        "text": "teşekkürler",
        "userDefined": false
      }
    ],
    "isTemplate": false,
    "count": 0,
    "lang": "tr",
    "updated": 0
  },
  {
    "id": "b92132fc-cde2-41cb-86f0-79e1189cf0a5",
    "data": [
      {
        "text": "yardımın için teşekkür ederim",
        "userDefined": false
      }
    ],
    "isTemplate": false,
    "count": 0,
    "lang": "tr",
    "updated": 0
  }
]