[
  {
    "value": "macera",
    "synonyms": [
      "macera",
      "serüven",
      "aksiyon",
      "heyecanlı"
    ]
  },
  {
    "value": "romantik",
    "synonyms": [
      "romantik",
      "aşk",
      "romantizm",
      "duygusal"
    ]
  },
  {
    "value": "bilim kurgu",
    "synonyms": [
      "bilim kurgu",
      "uzay",
      "gelecek",
      "sci-fi"
    ]
  },
  {
    "value": "fantastik",
    "synonyms": [
      "fantastik",
      "büyülü",
      "sihirli",
      "sihir",
      "ejderha",
      "büyü"
    ]
  },
  {
    "value": "korku",
    "synonyms": [
      "korku",
      "gerilim",
      "psikolojik",
      "korkutucu"
    ]
  },
  {
    "value": "polisiye",
    "synonyms": [
      "polisiye",
      "dedektif",
      "suç",
      "gizem"
    ]
  },
  {
    "value": "tarih",
    "synonyms": [
      "tarih",
      "tarihi",
      "geçmiş",
      "eski zaman",
      "osmanlı",
      "dünya savaşları"
    ]
  },
  {
    "value": "kişisel gelişim",
    "synonyms": [
      "kişisel gelişim",
      "gelişim",
      "motivasyon",
      "başarı"
    ]
  },
  {
    "value": "dram",
    "synonyms": [
      "dram",
      "ağlatan",
      "duygusal",
      "iç burkan"
    ]
  },
  {
    "value": "mizah",
    "synonyms": [
      "mizah",
      "komik",
      "espirili",
      "güldüren"
    ]
  },
  {
    "value": "klasik",
    "synonyms": [
      "klasik",
      "baş yapıt",
      "eski",
      "edebi"
    ]
  },
  {
    "value": "biyografi",
    "synonyms": [
      "biyografi",
      "hayat hikayesi",
      "yaşam öyküsü"
    ]
  },
  {
    "value": "felsefe",
    "synonyms": [
      "felsefe",
      "düşünce",
      "sorgulama",
      "varoluş"
    ]
  },
  {
    "value": "psikoloji",
    "synonyms": [
      "psikoloji",
      "terapi",
      "zihin",
      "davranış"
    ]
  },
  {
    "value": "çocuk",
    "synonyms": [
      "çocuk",
      "hikaye kitabı",
      "resimli kitap"
    ]
  },
  {
    "value": "gençlik",
    "synonyms": [
      "gençlik",
      "ergen",
      "genç romanı"
    ]
  }
]